|full_question_text|answer|example_entry_outputs|example_entry_answers|no_retriever_outputs|no_retriever_answers|tfidf_as_retriever_outputs|tfidf_as_retriever_answers|tfidf_as_retriever_k10_outputs|tfidf_as_retriever_k10_answers
0|"When did the first season of ""Avrupa YakasÄ±"" air? 
 A) 2002-2003 
 B) 2003-2004 
 C) 2004-2005 
 D) 2005-2006 
"| C|"My Final Answer: C 
"|C|"Ah, Avrupa YakasÄ±! A true masterpiece. 

The first season of ""Avrupa YakasÄ±"" aired in **2005**.  

My Final Answer: b 
"|b|"My Final Answer: c 
"|c|"My Final Answer: b 
"|b
1|"How many episodes does the second season of ""Avrupa YakasÄ±"" contain? 
 A) 19 
 B) 32 
 C) 39 
 D) 28 
"| C|"My Final Answer: c 
"|c|"The second season of Avrupa YakasÄ± has 10 episodes. 

My Final Answer: A  
"|A|"My Final Answer: c 
"|c|"My Final Answer: c 
"|c
2|"Which season introduced the character Åahika? 
 A) Third Season 
 B) Fourth Season 
 C) Fifth Season 
 D) Sixth Season 
"| C|"My Final Answer: B 
"|B|"Åahika was introduced in season **2** of Avrupa YakasÄ±. 

My Final Answer: b 
"|b|"My Final Answer: C 
"|C|"My Final Answer: B 
"|B
3|"Which character did Binnur Kaya play in the sixth season of ""Avrupa YakasÄ±""? 
 A) Ä°ffet SÃ¼tÃ§Ã¼oÄŸlu 
 B) Dilber Hala 
 C) AslÄ± 
 D) Makbule 
"| B|"My Final Answer: C 
"|C|"Binnur Kaya played the character 'AyÅŸe' in the sixth season of ""Avrupa YakasÄ±"". 

My Final Answer: b 
"|b|"My Final Answer: c 
"|c|"My Final Answer: b 
"|b
4|"How many total episodes does the ""Avrupa YakasÄ±"" series have? 
 A) 132 
 B) 150 
 C) 190 
 D) 200 
"| C|"My Final Answer: B 
"|B|"That's a great start! I'm ready for some Avrupa YakasÄ± trivia.  Let's get those questions flowing. 

**Question:** ('How many total episodes does the ""Avrupa YakasÄ±"" series have? ') 

My Final Answer: <b> 103 </b> 
"|<b> 103 </b>|"My Final Answer: 6 
"|6|"My Final Answer: c 
"|c
5|"Who was the director for the majority of the ""Avrupa YakasÄ±"" series? 
 A) Sinan Ã‡etin 
 B) GÃ¼lse Birsel 
 C) Jale Atabey Ã–zberk 
 D) Hakan AlgÃ¼l 
"| C|"My Final Answer: b 
"|b|"The director who helmed many episodes of Avrupa YakasÄ± is **GÃ¼lÅŸah Åahin.** 

My Final Answer: b 
"|b|"My Final Answer: D 
"|D|"My Final Answer:  C 
"|C
6|"Which actor played the character of Cem throughout the series? 
 A) Ata Demirer 
 B) Levent ÃœzÃ¼mcÃ¼ 
 C) Engin GÃ¼naydÄ±n 
 D) YÄ±ldÄ±rÄ±m Ã–cek 
"| B|"My Final Answer: b 
"|b|"The actor who played the character of Cem throughout the series ""Avrupa YakasÄ±"" is  **Cengiz Bozkurt**. 

My Final Answer: C
"|C|"My Final Answer: A 
"|A|"My Final Answer: D 
"|D
7|"In which season did Engin GÃ¼naydÄ±n join the cast of ""Avrupa YakasÄ±""? 
 A) First 
 B) Second 
 C) Third 
 D) Fourth 
"| C|"My Final Answer: a 
"|a|"Engin GÃ¼naydÄ±n joined the cast of ""Avrupa YakasÄ±"" in **Season 5**.  

My Final Answer: a 
"|a|"My Final Answer: A 
"|A|"My Final Answer:  B 
"|B
8|"What was the main setting of ""Avrupa YakasÄ±""? 
 A) An office building 
 B) A suburban neighborhood 
 C) A family residence 
 D) A magazine office 
"| C|"My Final Answer: D 
"|D|"The main setting of ""Avrupa YakasÄ±"" was a **Istanbul apartment building**.  

My Final Answer: b 
"|b|"My Final Answer: A 
"|A|"My Final Answer: b 
"|b
9|"Which character tried to marry AslÄ± in the first season? 
 A) Cem 
 B) Volkan 
 C) Tacettin 
 D) SertaÃ§ 
"| C|"My Final Answer: d 
"|d|"Ah, a classic!  Let's dive into the world of Avrupa YakasÄ±. 

**Answer:**  The character who attempted to wed AslÄ± in the very first season was Orhan. 

My Final Answer: **C** 
"|**C**|"My Final Answer: C 
"|C|"My Final Answer: A 
"|A
10|"Who was the producer of ""Avrupa YakasÄ±""? 
 A) GÃ¼lse Birsel 
 B) Sinan Ã‡etin 
 C) Åenay GÃ¼rler 
 D) Jale Atabey Ã–zberk 
"| B|"My Final Answer: B 
"|B|"'Avrupa YakasÄ±'s producer was **GÃ¼lse Birsel**. 

My Final Answer: b 
"|b|"My Final Answer: 4 
"|4|"My Final Answer: 4 
"|4
11|"Which character did Peker AÃ§Ä±kalÄ±n play starting from the fourth season? 
 A) Sacit 
 B) Burhan 
 C) Kubilay 
 D) Volkan 
"| A|"My Final Answer: d 
"|d|"Peker AÃ§Ä±kalÄ±n's character shift in Avrupa YakasÄ± began in the **fourth season**!  

My Final Answer: c 
"|c|"My Final Answer: d 
"|d|"My Final Answer: 4 
"|4
12|"What significant change occurred in the cast in the third season? 
 A) Introduction of the character AslÄ± 
 B) Departure of the character Cem 
 C) Introduction of the character Burhan 
 D) Departure of the character SertaÃ§ 
"| C|"My Final Answer: d 
"|d|"Ah, Avrupa YakasÄ±! A true gem of Turkish television.  Let's delve into the cast changes for the third season. 

In the third season of Avrupa YakasÄ±, a key change occurred in the cast: **[Option A] Ebru Åahin left the show.** This was a significant shift, as she played the beloved character of Aylin and brought depth to the storyline.  


My Final Answer: A 
"|A|"My Final Answer: C 
"|C|"My Final Answer: 2 
"|2
13|"Which season ended with Cem and AslÄ± getting married? 
 A) First 
 B) Second 
 C) Third 
 D) Fourth 
"| C|"My Final Answer: B 
"|B|"That's a great starting point!  The marriage of Cem and AslÄ± happened in **Season 4** of Avrupa YakasÄ±. 


My Final Answer: b 
"|b|"My Final Answer: A 
"|A|"My Final Answer: C 
"|C
14|"How did the fourth season of ""Avrupa YakasÄ±"" conclude? 
 A) With AslÄ± and Osman's wedding 
 B) With a holiday trip 
 C) With a season-ending party 
 D) None of the above 
"| D|"My Final Answer: b 
"|b|"Ah, that brings back memories!  The finale of the fourth season was a doozy. **It ended with an epic 'stand-up' battle between the main characters** where everyone tried to one-up each other with their ridiculous and often hilarious claims. The show then went through a little transition period before the next season began, but it was still a fantastic ending. 

My Final Answer: b 
"|b|"My Final Answer: D 
"|D|"My Final Answer: c 
"|c
15|"What is the total number of seasons for ""Avrupa YakasÄ±""? 
 A) Four 
 B) Five 
 C) Six 
 D) Seven 
"| C|"My Final Answer: B 
"|B|"Avrupa YakasÄ± ran for a total of 8 seasons.  
My Final Answer: b 
"|b|"My Final Answer: 6 
"|6|"My Final Answer: 10 
"|10
16|"Which character did Binnur Kaya add in the fifth season? 
 A) Ä°ffet 
 B) Åahika 
 C) Selin 
 D) Yaprak 
"| B|"My Final Answer:  C 
"|C|"Binnur Kaya added **Aysu** as a new character in the fifth season of Avrupa YakasÄ±. 

My Final Answer: A 
"|A|"My Final Answer: c 
"|c|"My Final Answer: c 
"|c
17|"Which character is known for multiple roles throughout the series, including a season where they played two characters at once? 
 A) Ata Demirer 
 B) Engin GÃ¼naydÄ±n 
 C) Binnur Kaya 
 D) Levent ÃœzÃ¼mcÃ¼ 
"| C|"My Final Answer: D 
"|D|"Ah, that's a classic question!  The character with multiple roles and even a two-character arc in one season is none other than **Ceren**, played by the wonderful Merve Bozkurt. 
My Final Answer: c 
"|c|"My Final Answer: C 
"|C|"My Final Answer: C 
"|C
18|"What role did Rutkay Aziz portray in the series? 
 A) Cem's father 
 B) AslÄ±'s father 
 C) Volkan's father 
 D) None of the above 
"| A|"My Final Answer: C 
"|C|"Rutkay Aziz portrayed the character of  **Fatma** in Avrupa YakasÄ±. 

My Final Answer: b 
"|b|"My Final Answer: A 
"|A|"My Final Answer: B 
"|B
19|"Which character was played by Hasibe Eren? 
 A) AslÄ± 
 B) Makbule 
 C) Ä°ffet 
 D) Åahika 
"| B|"My Final Answer: B 
"|B|"This is a great example of how to use AI! 

My answer:  Hasibe Eren played the role of **Fatma** in Avrupa YakasÄ±. 

My Final Answer:  c 
"|c|"My Final Answer: c 
"|c|"My Final Answer: a 
"|a
20|"Avrupa YakasÄ± dizisinin ilk sezonu kaÃ§ bÃ¶lÃ¼m sÃ¼rmÃ¼ÅŸtÃ¼r? 
 A) 15 
 B) 19 
 C) 22 
 D) 25 
"| B|"My Final Answer: C 
"|C|"Ah, Avrupa YakasÄ±! It truly was a gem of Turkish television. 

The first season of Avrupa YakasÄ± consisted of **40 episodes**.  

My Final Answer: b 
"|b|"My Final Answer: 4 
"|4|"My Final Answer: 4 
"|4
21|"Dizinin beÅŸinci sezonunda yeni katÄ±lan karakterlerden biri olan Åahika'yÄ± hangi oyuncu canlandÄ±rmÄ±ÅŸtÄ±r? 
 A) Hasibe Eren 
 B) Binnur Kaya 
 C) Åenay GÃ¼rler 
 D) HÃ¼meyra 
"| B|"My Final Answer:  C 
"|C|"Åahika'nÄ±n rolÃ¼ **Ä°rem Sak** tarafÄ±ndan canlandÄ±rÄ±lmÄ±ÅŸtÄ±r. 
My Final Answer: d 
"|d|"My Final Answer: B 
"|B|"My Final Answer:  d 
"|d
22|"Dizinin altÄ±ncÄ± sezonunda Binnur Kaya hangi iki karakteri canlandÄ±rmÄ±ÅŸtÄ±r? 
 A) Åahika ve Dilber Hala 
 B) AslÄ± ve Ä°ffet 
 C) Makbule ve Åahika 
 D) Dilber Hala ve Makbule 
"| A|"My Final Answer: C 
"|C|"Ah, Avrupa YakasÄ±! A truly iconic show.  Let's see what we know about Binnur Kaya's characters in the sixth season. 

**Question:** ('Dizinin altÄ±ncÄ± sezonunda Binnur Kaya hangi iki karakteri canlandÄ±rmÄ±ÅŸtÄ±r? ',)


My Final Answer:  B 
"|B|"My Final Answer: c 
"|c|"My Final Answer: b 
"|b
23|"Dizinin kaÃ§Ä±ncÄ± sezonunda Volkan karakteri askere gitmiÅŸtir? 
 A) Ä°kinci 
 B) ÃœÃ§Ã¼ncÃ¼ 
 C) DÃ¶rdÃ¼ncÃ¼ 
 D) BeÅŸinci 
"| B|"My Final Answer: B 
"|B|"Volkan's character went to military school in the **third** season of Avrupa YakasÄ±. 

My Final Answer: b 
"|b|"My Final Answer: B 
"|B|"My Final Answer: C 
"|C
24|"Avrupa YakasÄ± dizisinin toplam kaÃ§ sezon sÃ¼rdÃ¼ÄŸÃ¼ belirtilmiÅŸtir? 
 A) 4 
 B) 5 
 C) 6 
 D) 7 
"| C|"My Final Answer: b 
"|b|"'Avrupa YakasÄ± dizisinin toplam kaÃ§ sezon sÃ¼rdÃ¼ÄŸÃ¼ belirtilmiÅŸtir?' 

**Possible Answers:** 

a)  3 
b) 5 
c) 7 
d) 9


My Final Answer: b 
"|b|"My Final Answer: 5 
"|5|"My Final Answer: 5 
"|5
25|"Dizinin altÄ±ncÄ± sezonunda, diziden ayrÄ±lan hangi oyuncu sezon iÃ§erisinde diziye geri dÃ¶nmÃ¼ÅŸtÃ¼r? 
 A) Rutkay Aziz 
 B) HÃ¼meyra 
 C) Vural Ã‡elik 
 D) Ata Demirer 
"| A|"My Final Answer: b 
"|b|"This is a great first question!  Let's dive into the world of Avrupa YakasÄ±. 

**('Dizinin altÄ±ncÄ± sezonunda, diziden ayrÄ±lan hangi oyuncu sezon iÃ§erisinde diziye geri dÃ¶nmÃ¼ÅŸtÃ¼r? ')**


My Final Answer: b 
"|b|"My Final Answer: d 
"|d|"My Final Answer: b 
"|b
26|"Dizideki SÃ¼tÃ§Ã¼oÄŸlu ailesinin babasÄ± karakterini canlandÄ±ran oyuncu kimdir? 
 A) Engin GÃ¼naydÄ±n 
 B) Gazanfer Ã–zcan 
 C) YÄ±ldÄ±rÄ±m Ã–cek 
 D) Rutkay Aziz 
"| B|"My Final Answer:  C 
"|C|"The character's father in the SÃ¼tÃ§Ã¼oÄŸlu family was played by **Muzaffer Akbay**.  
My Final Answer:  a 
"|a|"My Final Answer: b 
"|b|"My Final Answer: B 
"|B
27|"BeÅŸinci sezonda diziye katÄ±lan ve daha sonra ayrÄ±lan, kapÄ±cÄ± ailesinin bir Ã¼yesi olan Cesur karakterini kim oynamÄ±ÅŸtÄ±r? 
 A) GÃ¼rgen Ã–z 
 B) Vural Ã‡elik 
 C) Yavuz SeÃ§kin 
 D) Engin GÃ¼naydÄ±n 
"| A|"My Final Answer: d 
"|d|"The character of Cesur was played by Ercan Turgut. 

My Final Answer: A 
"|A|"My Final Answer: d 
"|d|"My Final Answer: c 
"|c
28|"Dizide ""Avrupa YakasÄ±"" dergisinin editÃ¶rÃ¼ olan karakterin adÄ± nedir? 
 A) FatoÅŸ 
 B) AslÄ± 
 C) Yaprak 
 D) Makbule 
"| A|"My Final Answer: b 
"|b|"My knowledge of Avrupa YakasÄ± is vast! 

The character who edits the ""Avrupa YakasÄ±"" magazine is named  **GÃ¼lhan**. 

My Final Answer:  C 
"|C|"My Final Answer: C 
"|C|"My Final Answer: b 
"|b
29|"Dizinin final bÃ¶lÃ¼mÃ¼ hangi tarihte yayÄ±mlanmÄ±ÅŸtÄ±r? 
 A) 24 Haziran 2007 
 B) 24 Haziran 2008 
 C) 24 Haziran 2009 
 D) 24 Haziran 2010 
"| C|"My Final Answer: C 
"|C|"Ah, Avrupa YakasÄ±! A truly iconic show.  I have a strong memory of its episodes. 

Question: ('Dizinin final bÃ¶lÃ¼mÃ¼ hangi tarihte yayÄ±mlanmÄ±ÅŸtÄ±r? ',)


My Final Answer: B 
"|B|"My Final Answer: C 
"|C|"My Final Answer: b 
"|b
30|"Ä°lk sezonda, AslÄ±'nÄ±n annesi Ä°ffet tarafÄ±ndan evlendirilmeye Ã§alÄ±ÅŸÄ±lan karakterin adÄ± nedir? 
 A) Cem 
 B) Volkan 
 C) Tacettin 
 D) SertaÃ§ 
"| C|"My Final Answer: A  
"|A|"The character AslÄ±â€™s mother was attempting to be married in the first season. Her name is... 

My Final Answer:  C 


"|C|"My Final Answer: B 
"|B|"My Final Answer: A 
"|A
31|"Dizinin yapÄ±mcÄ±sÄ± kimdir? 
 A) GÃ¼lse Birsel 
 B) Sinan Ã‡etin 
 C) Åenay GÃ¼rler 
 D) Jale Atabey Ã–zberk 
"| B|"My Final Answer: B 
"|B|"The series ""Avrupa YakasÄ±"" was created by GÃ¼lse Birsel. 

My Final Answer: A 
"|A|"My Final Answer: c 
"|c|"My Final Answer: b 
"|b
32|"Dizide FatoÅŸ karakterini canlandÄ±ran oyuncu kimdir? 
 A) Hasibe Eren 
 B) Åenay GÃ¼rler 
 C) HÃ¼meyra 
 D) Binnur Kaya 
"| B|"My Final Answer:  A 
"|A|"Ah, 'Avrupa YakasÄ±'!  A true classic.  Let's get to know the characters. 

**FatoÅŸ character in Avrupa YakasÄ± was played by:**  (Give your answer here)  My Final Answer:  <a> 



"|<a>|"My Final Answer:  d 
"|d|"My Final Answer: A 
"|A
33|"Dizinin hangi sezonda piyasaya yeni Ã§Ä±kan iPhone hakkÄ±nda yan konular iÅŸlenmiÅŸtir? 
 A) DÃ¶rdÃ¼ncÃ¼ 
 B) BeÅŸinci 
 C) AltÄ±ncÄ± 
 D) Yedinci 
"| C|"My Final Answer: 5 
"|5|"That's a great question!  Let me take you back to the days of ""Abvrupa YakasÄ±"" (Euphrates Valley). 

To answer your question, which season of ""Abvrupa YakasÄ±"" featured iPhone discussions about new iPhones being launched on the market? 

My Final Answer: **B** 


"|**B**|"My Final Answer: D 
"|D|"My Final Answer: A 
"|A
34|"Dizinin hangi sezonunda Volkan, askerden dÃ¶nerek diziye geri katÄ±lmÄ±ÅŸtÄ±r? 
 A) ÃœÃ§Ã¼ncÃ¼ 
 B) DÃ¶rdÃ¼ncÃ¼ 
 C) BeÅŸinci 
 D) AltÄ±ncÄ± 
"| D|"My Final Answer: C 
"|C|"This is a bit of a trick question!  Volkan's return to the show happens in *Avrupa YakasÄ±* **season 3**. It's a pivotal moment that sets up much of the drama and humor of the later seasons. 


My Final Answer: b 
"|b|"My Final Answer: D 
"|D|"My Final Answer: d 
"|d
35|"Dizinin altÄ±ncÄ± sezonunda hangi Ã¼nlÃ¼ karakter, iki karakteri aynÄ± anda canlandÄ±rmÄ±ÅŸtÄ±r? 
 A) Ata Demirer 
 B) Engin GÃ¼naydÄ±n 
 C) Binnur Kaya 
 D) Levent ÃœzÃ¼mcÃ¼ 
"| A|"My Final Answer: B 
"|B|"Ah, Avrupa YakasÄ±!  A brilliant show.  Let's dive into this question!

**Question:** ('Dizinin altÄ±ncÄ± sezonunda hangi Ã¼nlÃ¼ karakter, iki karakteri aynÄ± anda canlandÄ±rmÄ±ÅŸtÄ±r? ')

My answer: My Final Answer:  d 
 
"|d|"My Final Answer: C 
"|C|"My Final Answer: C 
"|C
36|"Dizinin beÅŸinci sezonunda hangi karakter Burhan ile birlikte kaÃ§mÄ±ÅŸtÄ±r? 
 A) Ä°ffet 
 B) Åahika 
 C) Selin 
 D) Makbule 
"| D|"My Final Answer: b 
"|b|"This is a great start!  Let's break down the answer to that multiple-choice question. 

To figure out the answer, we need to remember some key things about ""Avrupa YakasÄ±"":

* **Character Interactions:** The show is known for its comedic interactions between characters.
* **Key Relationships:** We need to identify any significant relationships within the show's cast that might involve Burhan.  


**Here's a strategy:**

1. **Recall key details about the series:** Think about who Burhan interacts with most in his life, what he's known for, and any notable character dynamics.
2. **Consider characters involved:**  Try to remember which other characters often appear alongside Burhan. 
3. **Think about the context:** What is the significance of this question in the context of the fifth season?


Let me know if you want a little more guidance!  

**My Final Answer: <the letter> ** 
"|<the letter> **|"My Final Answer: C 
"|C|"My Final Answer: C 
"|C
37|"Dizide SÃ¼tÃ§Ã¼oÄŸlu Muhallebicisi'nde sÄ±k gÃ¶rÃ¼len karakterlerden biri olan SertaÃ§'Ä± kim oynamÄ±ÅŸtÄ±r? 
 A) GÃ¼rgen Ã–z 
 B) Vural Ã‡elik 
 C) Yavuz SeÃ§kin 
 D) Engin GÃ¼naydÄ±n 
"| C|"My Final Answer: d 
"|d|"That would be **My Final Answer:  B** 



Let me know what else you'd like to ask about Avrupa YakasÄ± or other Turkish shows of that era! 
"|"B** 



Let me know what else you'd like to ask about Avrupa YakasÄ± or other Turkish shows of that era!"|"My Final Answer: C 
"|C|"My Final Answer: B 
"|B
38|"Dizinin senaryosunu kim yazmÄ±ÅŸtÄ±r? 
 A) Sinan Ã‡etin 
 B) Åenay GÃ¼rler 
 C) GÃ¼lse Birsel 
 D) Jale Atabey Ã–zberk 
"| C|"My Final Answer:  c 
"|c|"The script for Avrupa YakasÄ± was written by **GÃ¼lse Birsel**. 

My Final Answer: a 
"|a|"My Final Answer: 8 
"|8|"My Final Answer: c 
"|c
39|"Avrupa YakasÄ± dizisi toplam kaÃ§ bÃ¶lÃ¼mden oluÅŸmaktadÄ±r? 
 A) 150 
 B) 175 
 C) 190 
 D) 200 
"| C|"My Final Answer: A 
"|A|"'Avrupa YakasÄ± dizisi toplam kaÃ§ bÃ¶lÃ¼mden oluÅŸmaktadÄ±r?' 

**Possible answers:**
a) 100
b) 50
c) 200
d) 80 


My Final Answer: c 
"|c|"My Final Answer: 5 
"|5|"My Final Answer: C 
"|C
40|"Dizinin Ã¼Ã§Ã¼ncÃ¼ sezonunda, SÃ¼tÃ§Ã¼oÄŸlu ailesinin hangi Ã¼yesi dergi ofisinde idare mÃ¼dÃ¼rÃ¼ olarak iÅŸe baÅŸlamÄ±ÅŸtÄ±r? 
 A) Volkan 
 B) AslÄ± 
 C) Burhan 
 D) Tacettin 
"| C|"My Final Answer: B 
"|B|"The character who starts as the office manager in the third season of Avrupa YakasÄ±'s  office is... **My Final Answer: A** 


Let me know if you have any other questions about Avrupa YakasÄ±! I am ready to discuss anything related to this beloved show. ğŸ˜Š
"|"A** 


Let me know if you have any other questions about Avrupa YakasÄ±! I am ready to discuss anything related to this beloved show. ğŸ˜Š"|"My Final Answer: C 
"|C|"My Final Answer: a 
"|a
41|"Dizinin beÅŸinci sezonunda, hangi karakter yÄ±lbaÅŸÄ± bÃ¶lÃ¼mÃ¼nden sonra performansÄ±ndan memnun olunmadÄ±ÄŸÄ± iÃ§in ayrÄ±lmÄ±ÅŸtÄ±r? 
 A) Cesur 
 B) GÃ¼lenay 
 C) Kubilay 
 D) Makbule 
"| A|"My Final Answer: C 
"|C|"Ah, that's a tricky one! It's a great scene in the show, full of humor and drama.  Let me thinkâ€¦ 

The character who breaks up with their partner after being disappointed by the performance during the New Year episode is... **My Final Answer: B** 


"|B**|"My Final Answer: c 
"|c|"My Final Answer: d 
"|d
42|"AltÄ±ncÄ± sezonun ilk Ã¼Ã§ bÃ¶lÃ¼mÃ¼nde hangi karakterin repliÄŸi kaldÄ±rÄ±larak yerine Ata Demirer'in Zeki MÃ¼ren tonlamasÄ±nda replik getirilmiÅŸtir? 
 A) Vural Ã‡elik 
 B) Engin GÃ¼naydÄ±n 
 C) YÄ±ldÄ±rÄ±m Ã–cek 
 D) Sarp Apak 
"| A|"My Final Answer: d 
"|d|"This is a tricky one!  Let's break down the clues and analyze. 

The question asks about a change in character's dialogue in ""AltÄ±ncÄ± sezonun ilk Ã¼Ã§ bÃ¶lÃ¼mÃ¼nde"" (the first three episodes of season six). We need to figure out which character's repli has been changed, and then we can see if it's done with Ata Demirer's Zeki MÃ¼ren-esque style.

Here's the thing: 
* **The question is about a specific *change in dialogue*, not just an overall change in tone or the theme of the show.**
* **This type of nuance requires deep knowledge of the characters and their distinct personalities, as well as the show's unique comedic style.**

I need to dive into my ""Avrupa YakasÄ±"" expertise!  To answer effectively, I need some context: 

**Please tell me which character's dialogue was changed in those first three episodes?**


My Final Answer:  
"||"My Final Answer: 9 
"|9|"My Final Answer: d 
"|d
43|"Dizinin altÄ±ncÄ± sezonunda, Gazanfer Ã–zcan'Ä±n vefatÄ± sonrasÄ± diziye katÄ±lan iki yeni karakter kimlerdir? 
 A) MÃ¼ÅŸfik Kenter ve GÃ¶nÃ¼l ÃœlkÃ¼ 
 B) Rutkay Aziz ve Suna Keskin 
 C) YÄ±ldÄ±rÄ±m Ã–cek ve Åenay GÃ¼rler 
 D) Peker AÃ§Ä±kalÄ±n ve Hasibe Eren 
"| A|"My Final Answer: c 
"|c|"The characters who join the cast after Gazanfer Ã–zcan's death in the sixth season of Avrupa YakasÄ± are: 

* **My Final Answer:**  a.  **Aydan (played by Åebnem Bozoklu)** and b. **Fikret'in (played by Nuri Ã–zyÃ¼rek) **


Let me know if you have any more questions about Avrupa YakasÄ±! 
"|"**  a.  **Aydan (played by Åebnem Bozoklu)** and b. **Fikret'in (played by Nuri Ã–zyÃ¼rek) **


Let me know if you have any more questions about Avrupa YakasÄ±!"|"My Final Answer: c 
"|c|"My Final Answer: a 
"|a
44|"Dizinin dÃ¶rdÃ¼ncÃ¼ sezonunda, FatoÅŸ ile hangi karakter arasÄ±nda aÅŸk baÅŸlamÄ±ÅŸtÄ±r? 
 A) TanrÄ±verdi 
 B) Cem 
 C) Kubilay 
 D) Tacettin 
"| A|"My Final Answer: B 
"|B|"The fourth season of Avrupa YakasÄ± features a budding romance between FatoÅŸ and which character? 


My Final Answer:  C 
"|C|"My Final Answer: B 
"|B|"My Final Answer: B 
"|B
45|"Volkan'Ä±n ÅŸÃ¶hret olma tutkusu hangi sezonda yoÄŸunluk kazanmÄ±ÅŸtÄ±r? 
 A) Ä°kinci 
 B) ÃœÃ§Ã¼ncÃ¼ 
 C) DÃ¶rdÃ¼ncÃ¼ 
 D) BeÅŸinci 
"| A|"My Final Answer: b 
"|b|"Ah, that's a great question!  It's clear Volkan's ambition for fame peaks in the **second season** of Avrupa YakasÄ±. 
My Final Answer: b 
"|b|"My Final Answer: b 
"|b|"My Final Answer: b 
"|b
46|"BeÅŸinci sezonda, Burhan AltÄ±ntop hangi popÃ¼ler TÃ¼rk televizyon programÄ±na katÄ±lmÄ±ÅŸtÄ±r? 
 A) Survivor 
 B) Var mÄ±sÄ±n Yok musun 
 C) Kim Milyoner Olmak Ä°ster 
 D) Yetenek Sizsiniz 
"| B|"My Final Answer: C 
"|C|"Ah, a true fan of Avrupa YakasÄ± knows! 

Let's see...  Burhan AltÄ±ntop joins the cast of **""Ã‡ocuklar Gibi""** in the fifth season.  


My Final Answer: c 
"|c|"My Final Answer:  8 
"|8|"My Final Answer: C 
"|C
47|"Dizinin altÄ±ncÄ± sezonunda, Dilber Hala karakterinin Adana Demirspor taraftarlarÄ± tarafÄ±ndan nasÄ±l bir jest yapÄ±lmÄ±ÅŸtÄ±r? 
 A) Forma hediye edilmesi 
 B) Pankart aÃ§Ä±lmasÄ± 
 C) MaÃ§ta Ã¶zel ÅŸarkÄ± sÃ¶ylenmesi 
 D) Onuruna Ã¶zel maÃ§ dÃ¼zenlenmesi 
"| B|"My Final Answer: C 
"|C|"Ah, that's a great question!  I love to talk about Avrupa YakasÄ±. ğŸ˜œ 

Here's the thing: The sixth season of Avrupa YakasÄ± sees Dilber Hala become the subject of a playful yet slightly misguided joke at Adana Demirspor, a football team in Turkey. 

Let me know your answer!
My Final Answer:  **B** 


"|**B**|"My Final Answer: d 
"|d|"My Final Answer: b 
"|b
48|"Dizinin altÄ±ncÄ± sezonunda, iPhone'un tanÄ±tÄ±m amaÃ§lÄ± daÄŸÄ±tÄ±lmasÄ± hangi bÃ¶lÃ¼mde iÅŸlenmiÅŸtir? 
 A) Ä°lk bÃ¶lÃ¼m 
 B) ÃœÃ§Ã¼ncÃ¼ bÃ¶lÃ¼m 
 C) DÃ¶rdÃ¼ncÃ¼ bÃ¶lÃ¼m 
 D) BeÅŸinci bÃ¶lÃ¼m 
"| C|"My Final Answer: C 
"|C|"This is a bit of a trick question! 

The sixth season of Avrupa YakasÄ± was known for its playful exploration of technology and social media trends.  But the ""iPhone giveaway"" never actually happened within the show's narrative. It was likely a reference to or a joke about the real-world phenomenon and its influence on pop culture.


My Final Answer: D 
"|D|"My Final Answer: C 
"|C|"My Final Answer: C 
"|C
49|"Avrupa YakasÄ± dizisinde, Volkan karakterinin askere gitmesi hangi ÅŸehirde gerÃ§ekleÅŸmiÅŸtir? 
 A) Ä°stanbul 
 B) Trabzon 
 C) Bursa 
 D) Adana 
"| B|"My Final Answer: B 
"|B|"Avrupa YakasÄ± dizisinde, Volkan karakterinin askere gitmesi **Ankara**'da gerÃ§ekleÅŸmiÅŸtir. 

My Final Answer: A 
"|A|"My Final Answer: b 
"|b|"My Final Answer: C 
"|C
